-- phpMyAdmin SQL Dump
-- version 5.2.0
-- https://www.phpmyadmin.net/
--
-- Host: 127.0.0.1
-- Generation Time: Jan 17, 2023 at 03:01 PM
-- Server version: 10.4.27-MariaDB
-- PHP Version: 8.2.0

SET SQL_MODE = "NO_AUTO_VALUE_ON_ZERO";
START TRANSACTION;
SET time_zone = "+00:00";


/*!40101 SET @OLD_CHARACTER_SET_CLIENT=@@CHARACTER_SET_CLIENT */;
/*!40101 SET @OLD_CHARACTER_SET_RESULTS=@@CHARACTER_SET_RESULTS */;
/*!40101 SET @OLD_COLLATION_CONNECTION=@@COLLATION_CONNECTION */;
/*!40101 SET NAMES utf8mb4 */;

--
-- Database: `skill65_poll3`
--

-- --------------------------------------------------------

--
-- Table structure for table `actions`
--

DROP TABLE IF EXISTS `actions`;
CREATE TABLE `actions` (
  `action_id` int(11) NOT NULL,
  `poll_id` int(11) NOT NULL,
  `action_time` datetime NOT NULL
) ENGINE=InnoDB DEFAULT CHARSET=utf8mb4 COLLATE=utf8mb4_general_ci;

-- --------------------------------------------------------

--
-- Table structure for table `action_items`
--

DROP TABLE IF EXISTS `action_items`;
CREATE TABLE `action_items` (
  `action_item_id` int(11) NOT NULL,
  `action_id` int(11) NOT NULL,
  `q_id` int(11) NOT NULL,
  `ans_id` int(11) NOT NULL
) ENGINE=InnoDB DEFAULT CHARSET=utf8mb4 COLLATE=utf8mb4_general_ci;

-- --------------------------------------------------------

--
-- Table structure for table `answers`
--

DROP TABLE IF EXISTS `answers`;
CREATE TABLE `answers` (
  `ans_id` int(11) NOT NULL,
  `q_id` int(11) NOT NULL,
  `ans_name` varchar(60) NOT NULL
) ENGINE=InnoDB DEFAULT CHARSET=utf8mb4 COLLATE=utf8mb4_general_ci;

--
-- Dumping data for table `answers`
--

INSERT INTO `answers` (`ans_id`, `q_id`, `ans_name`) VALUES
(1, 1, 'มากที่สุด'),
(2, 1, 'มาก'),
(3, 1, 'พอใช้'),
(4, 1, 'น้อย'),
(5, 1, 'น้อยที่สุด'),
(7, 2, 'น้อยที่สุด'),
(8, 2, 'น้อย'),
(9, 2, 'พอใช้'),
(10, 2, 'มาก'),
(11, 2, 'มากที่สุด');

-- --------------------------------------------------------

--
-- Table structure for table `polls`
--

DROP TABLE IF EXISTS `polls`;
CREATE TABLE `polls` (
  `poll_id` int(11) NOT NULL,
  `user_id` int(11) NOT NULL,
  `poll_name` varchar(60) NOT NULL,
  `poll_type_id` int(11) NOT NULL
) ENGINE=InnoDB DEFAULT CHARSET=utf8mb4 COLLATE=utf8mb4_general_ci;

--
-- Dumping data for table `polls`
--

INSERT INTO `polls` (`poll_id`, `user_id`, `poll_name`, `poll_type_id`) VALUES
(1, 4, 'แบบสำรวจ1', 1),
(2, 4, 'แบบสำรวจ2', 2);

-- --------------------------------------------------------

--
-- Table structure for table `poll_types`
--

DROP TABLE IF EXISTS `poll_types`;
CREATE TABLE `poll_types` (
  `poll_type_id` int(11) NOT NULL,
  `poll_type_name` varchar(60) NOT NULL
) ENGINE=InnoDB DEFAULT CHARSET=utf8mb4 COLLATE=utf8mb4_general_ci;

--
-- Dumping data for table `poll_types`
--

INSERT INTO `poll_types` (`poll_type_id`, `poll_type_name`) VALUES
(1, 'ทั่วไป'),
(2, 'ธุรกิจ'),
(4, 'การตลาด'),
(5, 'การศึกษา');

-- --------------------------------------------------------

--
-- Table structure for table `questions`
--

DROP TABLE IF EXISTS `questions`;
CREATE TABLE `questions` (
  `q_id` int(11) NOT NULL,
  `poll_id` int(11) NOT NULL,
  `q_name` varchar(60) NOT NULL
) ENGINE=InnoDB DEFAULT CHARSET=utf8mb4 COLLATE=utf8mb4_general_ci;

--
-- Dumping data for table `questions`
--

INSERT INTO `questions` (`q_id`, `poll_id`, `q_name`) VALUES
(1, 1, 'คำถาม1'),
(2, 2, 'คำถาม1');

-- --------------------------------------------------------

--
-- Table structure for table `users`
--

DROP TABLE IF EXISTS `users`;
CREATE TABLE `users` (
  `user_id` int(11) NOT NULL,
  `firstname` varchar(25) NOT NULL,
  `lastname` varchar(25) NOT NULL,
  `email` varchar(100) NOT NULL,
  `password` varchar(64) NOT NULL,
  `user_type` enum('admin','user') NOT NULL,
  `status` int(1) NOT NULL
) ENGINE=InnoDB DEFAULT CHARSET=utf8mb4 COLLATE=utf8mb4_general_ci;

--
-- Dumping data for table `users`
--

INSERT INTO `users` (`user_id`, `firstname`, `lastname`, `email`, `password`, `user_type`, `status`) VALUES
(3, 'admin', 'demo', 'admin@demo.com', '25d55ad283aa400af464c76d713c07ad', 'admin', 1),
(4, 'user', 'demo', 'user@demo.com', '25d55ad283aa400af464c76d713c07ad', 'user', 1),
(5, 'user2', 'demo', 'user2@demo.com', '25d55ad283aa400af464c76d713c07ad', 'user', 1);

--
-- Indexes for dumped tables
--

--
-- Indexes for table `actions`
--
ALTER TABLE `actions`
  ADD PRIMARY KEY (`action_id`);

--
-- Indexes for table `action_items`
--
ALTER TABLE `action_items`
  ADD PRIMARY KEY (`action_item_id`);

--
-- Indexes for table `answers`
--
ALTER TABLE `answers`
  ADD PRIMARY KEY (`ans_id`);

--
-- Indexes for table `polls`
--
ALTER TABLE `polls`
  ADD PRIMARY KEY (`poll_id`);

--
-- Indexes for table `poll_types`
--
ALTER TABLE `poll_types`
  ADD PRIMARY KEY (`poll_type_id`);

--
-- Indexes for table `questions`
--
ALTER TABLE `questions`
  ADD PRIMARY KEY (`q_id`);

--
-- Indexes for table `users`
--
ALTER TABLE `users`
  ADD PRIMARY KEY (`user_id`);

--
-- AUTO_INCREMENT for dumped tables
--

--
-- AUTO_INCREMENT for table `actions`
--
ALTER TABLE `actions`
  MODIFY `action_id` int(11) NOT NULL AUTO_INCREMENT;

--
-- AUTO_INCREMENT for table `action_items`
--
ALTER TABLE `action_items`
  MODIFY `action_item_id` int(11) NOT NULL AUTO_INCREMENT;

--
-- AUTO_INCREMENT for table `answers`
--
ALTER TABLE `answers`
  MODIFY `ans_id` int(11) NOT NULL AUTO_INCREMENT, AUTO_INCREMENT=12;

--
-- AUTO_INCREMENT for table `polls`
--
ALTER TABLE `polls`
  MODIFY `poll_id` int(11) NOT NULL AUTO_INCREMENT, AUTO_INCREMENT=4;

--
-- AUTO_INCREMENT for table `poll_types`
--
ALTER TABLE `poll_types`
  MODIFY `poll_type_id` int(11) NOT NULL AUTO_INCREMENT, AUTO_INCREMENT=6;

--
-- AUTO_INCREMENT for table `questions`
--
ALTER TABLE `questions`
  MODIFY `q_id` int(11) NOT NULL AUTO_INCREMENT, AUTO_INCREMENT=4;

--
-- AUTO_INCREMENT for table `users`
--
ALTER TABLE `users`
  MODIFY `user_id` int(11) NOT NULL AUTO_INCREMENT, AUTO_INCREMENT=7;
COMMIT;

/*!40101 SET CHARACTER_SET_CLIENT=@OLD_CHARACTER_SET_CLIENT */;
/*!40101 SET CHARACTER_SET_RESULTS=@OLD_CHARACTER_SET_RESULTS */;
/*!40101 SET COLLATION_CONNECTION=@OLD_COLLATION_CONNECTION */;
